filename,width,height,class,xmin,ymin,xmax,ymax
20180506_221414.png,720,720,inline stepper bar,37,11,548,141
20180506_221414.png,720,720,button,35,157,527,291
20180506_221414.png,720,720,inline stepper bar,66,315,502,449
20180506_221414.png,720,720,picture,80,465,486,701
20180506_210820.png,720,720,heading1,103,18,525,139
20180506_210820.png,720,720,paragraph,116,143,551,287
20180506_210820.png,720,720,picture,144,291,533,501
20180506_210820.png,720,720,inline stepper bar,181,504,505,629
20180506_210820.png,720,720,heading3,191,612,548,720
88E4749B-054F-4773-9EE3-200F2C962C1B.png,720,720,paragraph,164,108,578,230
88E4749B-054F-4773-9EE3-200F2C962C1B.png,720,720,search bar,162,238,560,372
88E4749B-054F-4773-9EE3-200F2C962C1B.png,720,720,search bar,110,371,551,526
20180506_203838.png,720,720,paragraph,76,51,424,193
20180506_203838.png,720,720,picture,96,183,436,287
20180506_203838.png,720,720,heading2,112,283,413,363
20180506_203838.png,720,720,button,114,369,426,454
20180506_203838.png,720,720,heading1,136,451,401,545
20180506_203838.png,720,720,search bar,132,542,426,644
20180506_204916.png,720,720,paragraph,170,4,540,138
20180506_204916.png,720,720,heading3,178,130,503,255
20180506_204916.png,720,720,picture,183,260,511,443
20180506_204916.png,720,720,inline stepper bar,172,438,473,552
20180506_204916.png,720,720,heading3,148,548,487,652
IMG_2921.png,720,720,picture,165,23,605,354
IMG_2921.png,720,720,heading1,184,346,601,477
IMG_2921.png,720,720,search bar,182,483,599,600
IMG_2921.png,720,720,heading2,185,597,589,710
929060F7-2F94-461F-B665-BEAC4D7DE6F2.png,720,720,heading2,154,12,594,108
929060F7-2F94-461F-B665-BEAC4D7DE6F2.png,720,720,search bar,153,112,588,197
929060F7-2F94-461F-B665-BEAC4D7DE6F2.png,720,720,paragraph,158,204,579,368
929060F7-2F94-461F-B665-BEAC4D7DE6F2.png,720,720,button,155,380,541,471
929060F7-2F94-461F-B665-BEAC4D7DE6F2.png,720,720,picture,161,482,533,626
929060F7-2F94-461F-B665-BEAC4D7DE6F2.png,720,720,paragraph,181,626,523,706
20180506_205528.png,720,720,paragraph,225,8,576,126
20180506_205528.png,720,720,search bar,230,129,610,246
20180506_205528.png,720,720,heading1,209,244,557,360
20180506_205528.png,720,720,picture,181,363,567,556
20180506_205528.png,720,720,inline stepper bar,200,572,558,683
1E6A82B2-D43B-41A2-A57D-5273B49D4AC1.png,720,720,button,124,67,601,232
1E6A82B2-D43B-41A2-A57D-5273B49D4AC1.png,720,720,picture,170,240,526,346
1E6A82B2-D43B-41A2-A57D-5273B49D4AC1.png,720,720,button,181,365,530,527
1E6A82B2-D43B-41A2-A57D-5273B49D4AC1.png,720,720,picture,198,527,513,695
20180506_221412.png,720,720,button,149,17,579,129
20180506_221412.png,720,720,search bar,185,144,581,262
20180506_221412.png,720,720,inline stepper bar,182,269,594,412
20180506_221412.png,720,720,heading1,197,413,599,562
20180506_221412.png,720,720,heading3,188,552,626,715
20180506_211251.png,720,720,picture,212,38,591,257
20180506_211251.png,720,720,search bar,241,256,580,415
20180506_211251.png,720,720,heading1,272,422,590,547
20180506_211251.png,720,720,heading2,237,583,573,703
20180506_210956.png,720,720,heading1,162,1,608,129
20180506_210956.png,720,720,inline stepper bar,208,129,612,246
20180506_210956.png,720,720,button,191,248,613,386
20180506_210956.png,720,720,picture,197,379,595,590
20180506_210956.png,720,720,paragraph,218,588,564,718
20180506_205643.png,720,720,heading1,201,18,591,141
20180506_205643.png,720,720,picture,228,141,616,349
20180506_205643.png,720,720,inline stepper bar,242,352,626,465
20180506_205643.png,720,720,heading2,253,472,642,589
20180506_205643.png,720,720,paragraph,244,594,640,712
20180506_212008.png,720,720,picture,57,15,482,263
20180506_212008.png,720,720,paragraph,97,266,444,379
20180506_212008.png,720,720,button,114,382,446,472
20180506_212008.png,720,720,paragraph,136,478,445,572
20180506_212008.png,720,720,heading3,131,580,432,689
20180506_220847.png,720,720,heading2,90,56,679,208
20180506_220847.png,720,720,paragraph,110,214,601,361
20180506_220847.png,720,720,picture,126,370,613,572
20180506_220847.png,720,720,inline stepper bar,137,564,617,720
IMG_2920.png,720,720,heading1,121,5,595,171
IMG_2920.png,720,720,picture,146,170,611,443
IMG_2920.png,720,720,heading2,166,447,613,570
IMG_2920.png,720,720,search bar,165,561,597,692
20180506_220815.png,720,720,button,118,22,588,169
20180506_220815.png,720,720,button,176,187,644,333
20180506_220815.png,720,720,picture,146,355,586,588
20180506_220815.png,720,720,paragraph,200,601,589,720
20180506_210105.png,720,720,heading1,194,12,573,111
20180506_210105.png,720,720,heading2,209,125,567,225
20180506_210105.png,720,720,heading3,199,233,575,341
20180506_210105.png,720,720,paragraph,191,351,570,448
20180506_210105.png,720,720,button,189,461,557,569
20180506_210105.png,720,720,picture,185,585,551,693
F0D0A291-0D9F-4671-864F-D5E0780A2F22.png,720,720,inline stepper bar,122,92,552,224
F0D0A291-0D9F-4671-864F-D5E0780A2F22.png,720,720,picture,120,210,570,423
F0D0A291-0D9F-4671-864F-D5E0780A2F22.png,720,720,button,112,439,527,592
2C688755-9A4C-4385-A272-6458FC64B001.png,720,720,heading2,176,22,580,176
2C688755-9A4C-4385-A272-6458FC64B001.png,720,720,heading1,180,195,555,363
2C688755-9A4C-4385-A272-6458FC64B001.png,720,720,heading3,144,382,532,572
2C688755-9A4C-4385-A272-6458FC64B001.png,720,720,button,175,569,530,701
20180506_204402.png,720,720,button,151,52,509,187
20180506_204402.png,720,720,inline stepper bar,158,191,528,344
20180506_204402.png,720,720,picture,170,354,582,521
20180506_204402.png,720,720,heading1,166,526,545,672
20180506_212109.png,720,720,heading1,39,31,450,152
20180506_212109.png,720,720,paragraph,61,138,410,264
20180506_212109.png,720,720,inline stepper bar,77,255,433,391
20180506_212109.png,720,720,picture,83,388,420,583
20180506_212109.png,720,720,button,119,589,462,716
20180506_204217.png,720,720,button,172,46,502,208
20180506_204217.png,720,720,picture,223,205,558,392
20180506_204217.png,720,720,heading1,219,398,578,541
20180506_204217.png,720,720,heading2,201,550,580,691
20180506_210647.png,720,720,search bar,149,18,576,134
20180506_210647.png,720,720,heading1,177,137,577,251
20180506_210647.png,720,720,paragraph,194,251,512,351
20180506_210647.png,720,720,heading2,208,353,533,452
20180506_210647.png,720,720,picture,220,459,526,620
20180506_210647.png,720,720,heading3,228,624,539,699
20180506_221318.png,720,720,heading2,73,2,516,118
20180506_221318.png,720,720,heading3,59,138,531,314
20180506_221318.png,720,720,picture,69,309,497,530
20180506_221318.png,720,720,paragraph,93,536,488,693
20180506_220923.png,720,720,heading3,33,4,647,173
20180506_220923.png,720,720,search bar,39,181,673,397
20180506_220923.png,720,720,picture,32,412,646,717
20180506_205830.png,720,720,picture,163,37,630,187
20180506_205830.png,720,720,paragraph,171,191,600,299
20180506_205830.png,720,720,search bar,166,315,583,424
20180506_205830.png,720,720,inline stepper bar,151,443,598,576
20180506_205830.png,720,720,button,140,593,580,709
D36A03F6-8240-41CF-9589-951B95EB6218.png,720,720,paragraph,179,62,545,181
D36A03F6-8240-41CF-9589-951B95EB6218.png,720,720,search bar,191,181,537,308
D36A03F6-8240-41CF-9589-951B95EB6218.png,720,720,heading2,187,316,547,420
D36A03F6-8240-41CF-9589-951B95EB6218.png,720,720,heading3,186,426,547,541
D36A03F6-8240-41CF-9589-951B95EB6218.png,720,720,heading1,166,547,535,677
20180506_204734.png,720,720,picture,201,21,558,166
20180506_204734.png,720,720,search bar,193,182,543,308
20180506_204734.png,720,720,paragraph,191,333,540,446
20180506_204734.png,720,720,heading1,184,457,528,558
20180506_204734.png,720,720,inline stepper bar,170,575,531,693
20180506_211638.png,720,720,heading3,65,13,515,167
20180506_211638.png,720,720,button,108,169,519,271
20180506_211638.png,720,720,paragraph,141,276,477,397
20180506_211638.png,720,720,inline stepper bar,131,399,498,514
20180506_211638.png,720,720,picture,140,525,476,713
7B37746E-9977-4614-AB5C-CDD749E5C208.png,720,720,heading1,182,69,593,227
7B37746E-9977-4614-AB5C-CDD749E5C208.png,720,720,heading2,162,226,584,363
7B37746E-9977-4614-AB5C-CDD749E5C208.png,720,720,heading2,177,365,573,513
7B37746E-9977-4614-AB5C-CDD749E5C208.png,720,720,heading1,158,522,566,665
20180506_204324.png,720,720,heading1,177,68,549,184
20180506_204324.png,720,720,picture,184,188,569,387
20180506_204324.png,720,720,inline stepper bar,203,399,569,527
20180506_204324.png,720,720,paragraph,198,540,562,658
20180506_221715.png,720,720,heading1,129,13,576,179
20180506_221715.png,720,720,picture,157,179,575,429
20180506_221715.png,720,720,button,190,443,579,590
20180506_221715.png,720,720,button,239,598,581,711
20180506_221624.png,720,720,inline stepper bar,80,11,516,137
20180506_221624.png,720,720,heading2,90,162,542,300
20180506_221624.png,720,720,button,90,297,551,425
20180506_221624.png,720,720,button,121,426,561,556
20180506_221624.png,720,720,heading3,151,579,572,708
20180506_211600.png,720,720,search bar,237,14,695,134
20180506_211600.png,720,720,inline stepper bar,235,149,695,272
20180506_211600.png,720,720,picture,258,297,691,538
20180506_211600.png,720,720,paragraph,274,549,637,705
IMG_2923.png,720,720,picture,118,26,611,161
IMG_2923.png,720,720,search bar,124,161,624,315
IMG_2923.png,720,720,heading1,136,323,660,474
IMG_2923.png,720,720,button,138,483,642,640
20180506_221955.png,720,720,picture,79,1,492,204
20180506_221955.png,720,720,paragraph,126,226,512,379
20180506_221955.png,720,720,heading2,137,372,569,502
20180506_221955.png,720,720,paragraph,141,482,566,604
20180506_221955.png,720,720,heading3,155,593,571,715
20180506_204728.png,720,720,search bar,204,41,541,151
20180506_204728.png,720,720,picture,219,155,512,325
20180506_204728.png,720,720,button,226,339,500,434
20180506_204728.png,720,720,inline stepper bar,228,437,525,552
20180506_204728.png,720,720,paragraph,187,541,520,661
20180506_210146.png,720,720,picture,232,4,576,183
20180506_210146.png,720,720,button,262,190,579,315
20180506_210146.png,720,720,paragraph,275,314,575,426
20180506_210146.png,720,720,inline stepper bar,270,423,594,532
20180506_210146.png,720,720,paragraph,278,538,577,637
20180506_210146.png,720,720,heading3,272,632,572,720
IMG_2924.png,720,720,heading1,122,81,638,288
IMG_2924.png,720,720,button,143,306,575,443
IMG_2924.png,720,720,inline stepper bar,135,477,601,639
20180506_220925.png,720,720,heading3,60,33,558,170
20180506_220925.png,720,720,search bar,65,173,580,354
20180506_220925.png,720,720,picture,64,367,543,638
20180506_221143.png,720,720,button,88,4,558,148
20180506_221143.png,720,720,picture,82,176,525,389
20180506_221143.png,720,720,heading1,80,396,554,540
20180506_221143.png,720,720,heading3,58,540,547,695
IMG_2918.png,720,720,heading1,139,15,597,173
IMG_2918.png,720,720,picture,167,171,612,435
IMG_2918.png,720,720,heading2,188,440,612,556
IMG_2918.png,720,720,search bar,182,550,597,675
36B0A2E4-C5EA-47C6-A0AC-3EA62022AD72.png,720,720,picture,268,89,498,215
36B0A2E4-C5EA-47C6-A0AC-3EA62022AD72.png,720,720,search bar,88,233,655,304
36B0A2E4-C5EA-47C6-A0AC-3EA62022AD72.png,720,720,heading1,94,312,458,394
36B0A2E4-C5EA-47C6-A0AC-3EA62022AD72.png,720,720,paragraph,98,397,501,547
36B0A2E4-C5EA-47C6-A0AC-3EA62022AD72.png,720,720,inline stepper bar,106,544,358,648
BAD6D5DE-854B-45CC-B752-C7D6FEE63D6B.png,720,720,paragraph,194,169,535,297
BAD6D5DE-854B-45CC-B752-C7D6FEE63D6B.png,720,720,search bar,187,323,523,426
20180506_220920.png,720,720,button,97,29,587,197
20180506_220920.png,720,720,button,137,207,598,333
20180506_220920.png,720,720,heading1,123,349,610,515
20180506_220920.png,720,720,heading1,117,514,628,691
20180506_220851.png,720,720,picture,63,40,423,276
20180506_220851.png,720,720,picture,97,280,466,502
20180506_220851.png,720,720,paragraph,69,521,576,719
AEC77E4F-E793-4BF5-BC68-5D963671F54F.png,720,720,heading2,112,110,610,236
AEC77E4F-E793-4BF5-BC68-5D963671F54F.png,720,720,heading1,124,251,585,385
AEC77E4F-E793-4BF5-BC68-5D963671F54F.png,720,720,paragraph,108,390,529,517
AEC77E4F-E793-4BF5-BC68-5D963671F54F.png,720,720,picture,119,520,454,608
AEC77E4F-E793-4BF5-BC68-5D963671F54F.png,720,720,button,152,599,455,693
20180506_205912.png,720,720,heading1,125,4,576,122
20180506_205912.png,720,720,heading2,133,132,573,243
20180506_205912.png,720,720,heading3,108,255,570,354
20180506_205912.png,720,720,button,113,365,553,464
20180506_205912.png,720,720,picture,105,470,548,592
20180506_205912.png,720,720,search bar,126,612,547,720
20180506_205130.png,720,720,picture,210,17,555,129
20180506_205130.png,720,720,search bar,205,149,535,259
20180506_205130.png,720,720,button,198,272,519,388
20180506_205130.png,720,720,paragraph,197,399,539,525
20180506_205130.png,720,720,heading1,171,536,534,659
20180506_212113.png,720,720,picture,69,10,630,218
20180506_212113.png,720,720,heading1,99,239,613,388
20180506_212113.png,720,720,search bar,126,392,613,522
20180506_212113.png,720,720,inline stepper bar,105,565,668,720
20180506_204257.png,720,720,search bar,216,71,612,202
20180506_204257.png,720,720,heading3,241,207,601,340
20180506_204257.png,720,720,inline stepper bar,240,350,616,487
20180506_204257.png,720,720,picture,240,504,607,687
20180506_205959.png,720,720,paragraph,230,8,577,115
20180506_205959.png,720,720,search bar,237,122,591,229
20180506_205959.png,720,720,button,236,230,583,335
20180506_205959.png,720,720,inline stepper bar,219,350,583,451
20180506_205959.png,720,720,picture,204,472,589,579
20180506_205959.png,720,720,search bar,203,602,579,707
4A2911F0-537D-42FE-945E-091524DE51BD.png,720,720,heading1,175,93,593,239
4A2911F0-537D-42FE-945E-091524DE51BD.png,720,720,search bar,137,255,591,426
4A2911F0-537D-42FE-945E-091524DE51BD.png,720,720,paragraph,98,451,566,674
3B1C157C-1F24-43C3-9EA2-26879CF4D73B.png,720,720,picture,192,46,528,204
3B1C157C-1F24-43C3-9EA2-26879CF4D73B.png,720,720,search bar,198,222,505,319
3B1C157C-1F24-43C3-9EA2-26879CF4D73B.png,720,720,heading1,191,327,504,446
3B1C157C-1F24-43C3-9EA2-26879CF4D73B.png,720,720,heading3,187,456,482,576
F75EEE3F-F32E-4F23-BBD7-F94764AEE80F.png,720,720,search bar,121,54,607,121
F75EEE3F-F32E-4F23-BBD7-F94764AEE80F.png,720,720,picture,126,137,608,438
F75EEE3F-F32E-4F23-BBD7-F94764AEE80F.png,720,720,paragraph,146,466,591,540
IMG_2927.png,720,720,inline stepper bar,69,28,603,181
IMG_2927.png,720,720,button,72,193,647,383
IMG_2927.png,720,720,heading1,90,388,640,553
IMG_2927.png,720,720,paragraph,83,552,647,685
20180506_211428.png,720,720,paragraph,31,49,416,229
20180506_211428.png,720,720,heading3,71,248,418,369
20180506_211428.png,720,720,button,91,372,421,472
20180506_211428.png,720,720,picture,73,483,417,720
20180506_205826.png,720,720,heading1,215,37,576,168
20180506_205826.png,720,720,picture,233,172,569,360
20180506_205826.png,720,720,inline stepper bar,235,356,528,452
20180506_205826.png,720,720,heading3,247,434,519,532
20180506_205826.png,720,720,heading3,246,513,513,619
20180506_205826.png,720,720,paragraph,249,611,501,699
20180506_205953.png,720,720,heading1,173,16,573,119
20180506_205953.png,720,720,paragraph,188,119,558,231
20180506_205953.png,720,720,inline stepper bar,192,230,564,342
20180506_205953.png,720,720,search bar,189,331,558,430
20180506_205953.png,720,720,heading3,186,424,573,547
20180506_205953.png,720,720,paragraph,187,531,561,648
F96E2581-09A4-4F74-AEF2-AFBF855EAAB3.png,720,720,picture,208,70,486,168
F96E2581-09A4-4F74-AEF2-AFBF855EAAB3.png,720,720,heading1,208,173,482,269
F96E2581-09A4-4F74-AEF2-AFBF855EAAB3.png,720,720,paragraph,193,275,512,365
F96E2581-09A4-4F74-AEF2-AFBF855EAAB3.png,720,720,paragraph,190,376,517,650
20180506_210920.png,720,720,search bar,95,26,513,143
20180506_210920.png,720,720,heading1,108,146,524,258
20180506_210920.png,720,720,paragraph,126,263,519,363
20180506_210920.png,720,720,button,145,372,506,467
20180506_210920.png,720,720,picture,154,480,516,714
0B3F7A32-039D-4CFF-B2DE-00044EB4023D.png,720,720,search bar,133,94,653,169
0B3F7A32-039D-4CFF-B2DE-00044EB4023D.png,720,720,picture,118,162,701,466
0B3F7A32-039D-4CFF-B2DE-00044EB4023D.png,720,720,heading2,108,466,662,569
20180506_210915.png,720,720,search bar,111,5,538,125
20180506_210915.png,720,720,paragraph,124,139,560,264
20180506_210915.png,720,720,picture,152,261,580,407
20180506_210915.png,720,720,heading3,148,407,583,524
20180506_210915.png,720,720,button,176,524,585,629
20180506_210915.png,720,720,inline stepper bar,182,635,538,712
20180506_211711.png,720,720,heading2,158,4,551,137
20180506_211711.png,720,720,paragraph,192,135,576,261
20180506_211711.png,720,720,button,223,266,558,395
20180506_211711.png,720,720,paragraph,211,401,606,530
20180506_211711.png,720,720,picture,232,527,630,718
20180506_211633.png,720,720,heading1,134,6,575,139
20180506_211633.png,720,720,picture,178,140,582,337
20180506_211633.png,720,720,heading2,212,352,565,485
20180506_211633.png,720,720,inline stepper bar,225,492,576,608
20180506_211633.png,720,720,button,239,600,594,716
20180506_204126.png,720,720,heading1,294,20,616,147
20180506_204126.png,720,720,heading2,315,149,628,276
20180506_204126.png,720,720,button,293,279,646,387
20180506_204126.png,720,720,picture,323,392,639,579
20180506_210522.png,720,720,picture,97,7,565,242
20180506_210522.png,720,720,paragraph,133,264,553,390
20180506_210522.png,720,720,heading2,151,387,573,508
20180506_210522.png,720,720,inline stepper bar,148,499,536,624
20180506_210522.png,720,720,heading3,152,608,528,720
AAEA712B-1CAE-441F-8D7C-707018AA1FDF.png,720,720,search bar,123,40,653,121
AAEA712B-1CAE-441F-8D7C-707018AA1FDF.png,720,720,search bar,116,139,631,228
AAEA712B-1CAE-441F-8D7C-707018AA1FDF.png,720,720,paragraph,118,249,638,517
AAEA712B-1CAE-441F-8D7C-707018AA1FDF.png,720,720,search bar,139,517,587,658
20180506_205048.png,720,720,button,237,18,539,133
20180506_205048.png,720,720,paragraph,226,147,512,254
20180506_205048.png,720,720,picture,216,264,492,354
20180506_205048.png,720,720,heading1,199,363,477,457
20180506_205048.png,720,720,heading2,189,465,489,571
20180506_205048.png,720,720,heading3,162,583,544,703
20180506_204646.png,720,720,heading1,236,26,574,147
20180506_204646.png,720,720,heading2,256,151,566,265
20180506_204646.png,720,720,heading3,255,265,581,369
20180506_204646.png,720,720,picture,260,366,574,516
20180506_204646.png,720,720,search bar,248,525,587,621
20180506_211040.png,720,720,heading3,151,12,578,145
20180506_211040.png,720,720,paragraph,180,140,587,290
20180506_211040.png,720,720,picture,183,295,563,490
20180506_211040.png,720,720,button,203,501,559,614
20180506_211040.png,720,720,paragraph,220,615,576,720
20180506_205739.png,720,720,inline stepper bar,202,17,569,136
20180506_205739.png,720,720,search bar,184,154,562,256
20180506_205739.png,720,720,paragraph,186,263,544,350
20180506_205739.png,720,720,button,186,363,563,457
20180506_205739.png,720,720,heading1,179,474,543,597
20180506_205739.png,720,720,picture,176,609,564,720
20180506_221841.png,720,720,search bar,167,33,549,155
20180506_221841.png,720,720,paragraph,198,167,548,286
20180506_221841.png,720,720,button,195,272,561,411
20180506_221841.png,720,720,inline stepper bar,195,402,558,551
20180506_221841.png,720,720,picture,226,554,533,711
68F61E6E-C16F-4256-BE2B-676920C27542.png,720,720,inline stepper bar,80,283,617,415
20180506_220739.png,720,720,picture,45,6,471,230
20180506_220739.png,720,720,search bar,85,270,526,399
20180506_220739.png,720,720,button,83,406,533,545
20180506_220739.png,720,720,picture,100,565,500,703
20180506_210736.png,720,720,button,131,28,573,169
20180506_210736.png,720,720,search bar,165,193,555,289
20180506_210736.png,720,720,paragraph,169,308,523,402
20180506_210736.png,720,720,picture,174,415,511,591
20180506_210736.png,720,720,button,192,599,481,697
20180506_204816.png,720,720,button,178,42,554,147
20180506_204816.png,720,720,paragraph,169,165,578,277
20180506_204816.png,720,720,search bar,164,289,558,401
20180506_204816.png,720,720,picture,169,424,548,553
20180506_204816.png,720,720,heading1,169,574,564,692
20180506_221035.png,720,720,button,148,1,570,119
20180506_221035.png,720,720,picture,182,137,576,365
20180506_221035.png,720,720,search bar,180,378,576,514
20180506_221035.png,720,720,inline stepper bar,167,527,627,676
23813B86-9741-4ABC-B9B0-94E4AFFC602D.png,720,720,heading1,178,122,570,224
23813B86-9741-4ABC-B9B0-94E4AFFC602D.png,720,720,picture,176,231,556,397
23813B86-9741-4ABC-B9B0-94E4AFFC602D.png,720,720,inline stepper bar,184,410,529,497
23813B86-9741-4ABC-B9B0-94E4AFFC602D.png,720,720,search bar,150,493,533,581
20180506_211243.png,720,720,paragraph,80,25,443,160
20180506_211243.png,720,720,paragraph,91,168,468,262
20180506_211243.png,720,720,heading3,102,261,448,376
20180506_211243.png,720,720,picture,118,380,440,594
20180506_211243.png,720,720,button,132,603,407,702
20180506_211717.png,720,720,button,103,29,501,173
20180506_211717.png,720,720,inline stepper bar,118,183,487,297
20180506_211717.png,720,720,heading2,139,304,472,400
20180506_211717.png,720,720,paragraph,148,399,469,501
20180506_211717.png,720,720,picture,158,522,475,720
20180506_204058.png,720,720,heading1,158,58,484,226
20180506_204058.png,720,720,heading2,168,241,448,387
20180506_204058.png,720,720,picture,163,393,514,623
IMG_2916.png,720,720,heading2,130,7,592,169
IMG_2916.png,720,720,heading1,151,178,600,343
IMG_2916.png,720,720,picture,181,351,578,602
IMG_2916.png,720,720,search bar,167,611,610,696
IMG_2917.png,720,720,heading2,134,7,603,177
IMG_2917.png,720,720,heading1,153,181,609,348
IMG_2917.png,720,720,picture,187,355,591,609
IMG_2917.png,720,720,search bar,178,617,628,707
20180506_204250.png,720,720,button,126,44,489,212
20180506_204250.png,720,720,paragraph,152,212,523,386
20180506_204250.png,720,720,search bar,147,395,551,611
20180506_204250.png,720,720,heading1,143,605,551,690
20180506_221719.png,720,720,search bar,62,17,519,179
20180506_221719.png,720,720,paragraph,70,179,507,318
20180506_221719.png,720,720,picture,93,315,510,489
20180506_221719.png,720,720,heading3,109,486,518,612
20180506_221719.png,720,720,paragraph,120,613,505,720
20180506_221138.png,720,720,heading2,132,19,631,156
20180506_221138.png,720,720,paragraph,118,171,631,334
20180506_221138.png,720,720,search bar,116,345,656,501
20180506_221138.png,720,720,search bar,105,507,670,701
A10D1641-9C1B-4921-945B-A765B87639ED.png,720,720,picture,125,115,613,237
A10D1641-9C1B-4921-945B-A765B87639ED.png,720,720,search bar,133,251,575,318
A10D1641-9C1B-4921-945B-A765B87639ED.png,720,720,inline stepper bar,124,327,552,436
A10D1641-9C1B-4921-945B-A765B87639ED.png,720,720,search bar,122,439,523,588
A10D1641-9C1B-4921-945B-A765B87639ED.png,720,720,paragraph,105,591,495,676
20180506_211515.png,720,720,button,99,54,482,227
20180506_211515.png,720,720,picture,151,243,487,431
20180506_211515.png,720,720,paragraph,134,444,488,539
20180506_211515.png,720,720,heading2,145,555,475,667
0BEF493A-DBBC-41ED-8C33-2D107382653F.png,720,720,heading3,109,91,530,235
0BEF493A-DBBC-41ED-8C33-2D107382653F.png,720,720,heading2,129,226,595,379
0BEF493A-DBBC-41ED-8C33-2D107382653F.png,720,720,heading1,126,377,569,543
20180506_221952.png,720,720,paragraph,100,29,558,179
20180506_221952.png,720,720,heading1,121,191,529,337
20180506_221952.png,720,720,inline stepper bar,145,341,534,465
20180506_221952.png,720,720,button,162,461,541,595
20180506_221952.png,720,720,search bar,177,597,577,720
BA748FD5-0ECD-45DD-9F03-E80609EDF4C8.png,720,720,heading1,85,23,667,152
BA748FD5-0ECD-45DD-9F03-E80609EDF4C8.png,720,720,search bar,60,185,645,319
BA748FD5-0ECD-45DD-9F03-E80609EDF4C8.png,720,720,paragraph,59,298,620,457
BA748FD5-0ECD-45DD-9F03-E80609EDF4C8.png,720,720,heading3,43,451,667,650
IMG_2922.png,720,720,heading1,77,19,612,190
IMG_2922.png,720,720,heading2,121,199,616,339
IMG_2922.png,720,720,search bar,110,346,620,494
IMG_2922.png,720,720,picture,156,495,585,677
20180506_210438.png,720,720,heading1,119,17,550,140
20180506_210438.png,720,720,picture,153,147,567,373
20180506_210438.png,720,720,paragraph,164,390,541,508
20180506_210438.png,720,720,paragraph,188,512,544,618
20180506_210438.png,720,720,picture,198,612,547,720
20180506_205734.png,720,720,button,177,5,571,133
20180506_205734.png,720,720,heading1,194,145,575,276
20180506_205734.png,720,720,heading2,211,276,583,394
20180506_205734.png,720,720,search bar,209,389,574,519
20180506_205734.png,720,720,picture,213,513,555,715
F3F39F96-BB01-47C9-A90B-6135A0BF3B90.png,720,720,heading1,135,48,557,158
F3F39F96-BB01-47C9-A90B-6135A0BF3B90.png,720,720,heading2,154,166,548,275
F3F39F96-BB01-47C9-A90B-6135A0BF3B90.png,720,720,paragraph,143,335,516,461
F3F39F96-BB01-47C9-A90B-6135A0BF3B90.png,720,720,paragraph,111,489,495,667
20180506_221039.png,720,720,heading1,21,10,581,196
20180506_221039.png,720,720,heading2,41,208,530,358
20180506_221039.png,720,720,heading3,50,370,576,534
20180506_221039.png,720,720,paragraph,23,551,517,703
20180506_205907.png,720,720,inline stepper bar,237,3,575,110
20180506_205907.png,720,720,picture,242,110,600,294
20180506_205907.png,720,720,picture,255,294,555,479
20180506_205907.png,720,720,paragraph,257,469,548,587
20180506_205907.png,720,720,paragraph,250,565,555,694
20180506_221046.png,720,720,button,162,14,589,142
20180506_221046.png,720,720,picture,183,157,597,387
20180506_221046.png,720,720,search bar,191,409,604,532
20180506_221046.png,720,720,inline stepper bar,171,557,673,703
BA25A35B-E39B-49AE-87DA-433A353C8597.png,720,720,paragraph,148,54,634,195
BA25A35B-E39B-49AE-87DA-433A353C8597.png,720,720,paragraph,147,198,569,320
BA25A35B-E39B-49AE-87DA-433A353C8597.png,720,720,search bar,147,326,546,498
BA25A35B-E39B-49AE-87DA-433A353C8597.png,720,720,picture,144,509,564,659
20180506_221319.png,720,720,heading2,73,25,509,159
20180506_221319.png,720,720,heading3,69,173,526,341
20180506_221319.png,720,720,picture,82,342,498,559
20180506_221319.png,720,720,paragraph,98,564,497,720
20180506_221452.png,720,720,heading1,58,20,526,146
20180506_221452.png,720,720,heading2,59,161,509,269
20180506_221452.png,720,720,heading3,65,270,557,416
20180506_221452.png,720,720,picture,68,429,552,717
1738AC39-03A4-4551-B2D3-0E9F2F82FFF2.png,720,720,picture,144,2,530,185
1738AC39-03A4-4551-B2D3-0E9F2F82FFF2.png,720,720,button,144,185,492,370
1738AC39-03A4-4551-B2D3-0E9F2F82FFF2.png,720,720,button,176,358,478,547
1738AC39-03A4-4551-B2D3-0E9F2F82FFF2.png,720,720,picture,166,548,498,708
20180506_203826.png,720,720,heading1,88,124,314,270
20180506_203826.png,720,720,heading2,108,274,319,376
20180506_203826.png,720,720,heading3,112,398,309,504
20180506_203826.png,720,720,heading3,119,498,333,611
20180506_203826.png,720,720,paragraph,109,589,313,701
37412F91-E0A6-4153-98FE-7A7722413FC5.png,720,720,search bar,140,90,623,218
37412F91-E0A6-4153-98FE-7A7722413FC5.png,720,720,search bar,126,214,593,360
37412F91-E0A6-4153-98FE-7A7722413FC5.png,720,720,search bar,114,362,549,509
37412F91-E0A6-4153-98FE-7A7722413FC5.png,720,720,search bar,84,522,505,679
20180506_211358.png,720,720,heading3,119,17,516,204
20180506_211358.png,720,720,paragraph,122,201,483,344
20180506_211358.png,720,720,button,130,351,487,454
20180506_211358.png,720,720,picture,147,472,480,707
08580D17-539D-4789-8A12-DFFA15F39712.png,720,720,search bar,137,65,592,151
08580D17-539D-4789-8A12-DFFA15F39712.png,720,720,heading1,147,154,562,234
08580D17-539D-4789-8A12-DFFA15F39712.png,720,720,button,144,245,555,326
08580D17-539D-4789-8A12-DFFA15F39712.png,720,720,paragraph,159,329,546,472
08580D17-539D-4789-8A12-DFFA15F39712.png,720,720,inline stepper bar,165,486,516,565
7A9FCBF2-09EB-4AB8-B0CB-DB5AE44568C5.png,720,720,search bar,147,42,647,154
7A9FCBF2-09EB-4AB8-B0CB-DB5AE44568C5.png,720,720,heading1,144,167,620,280
7A9FCBF2-09EB-4AB8-B0CB-DB5AE44568C5.png,720,720,picture,148,292,575,465
7A9FCBF2-09EB-4AB8-B0CB-DB5AE44568C5.png,720,720,paragraph,155,467,576,610
7A9FCBF2-09EB-4AB8-B0CB-DB5AE44568C5.png,720,720,inline stepper bar,158,604,587,705
20180506_221315.png,720,720,button,125,16,616,184
20180506_221315.png,720,720,picture,165,181,591,365
20180506_221315.png,720,720,heading2,131,377,588,512
20180506_221315.png,720,720,paragraph,134,526,624,714
20180506_211504.png,720,720,inline stepper bar,219,23,583,215
20180506_211504.png,720,720,inline stepper bar,227,229,587,385
20180506_211504.png,720,720,button,216,405,591,533
20180506_211504.png,720,720,picture,236,558,578,718
20180506_204500.png,720,720,inline stepper bar,165,16,578,149
20180506_204500.png,720,720,button,193,160,591,287
20180506_204500.png,720,720,picture,177,296,579,496
20180506_204500.png,720,720,paragraph,184,503,556,628
20180506_204529.png,720,720,picture,198,75,517,246
20180506_204529.png,720,720,button,233,248,511,354
20180506_204529.png,720,720,paragraph,241,354,514,480
20180506_204529.png,720,720,paragraph,230,500,505,648
20180506_221620.png,720,720,paragraph,183,16,546,149
20180506_221620.png,720,720,button,209,151,551,283
20180506_221620.png,720,720,heading1,216,293,544,418
20180506_221620.png,720,720,heading2,236,412,544,528
20180506_221620.png,720,720,picture,236,526,525,697
20180506_205531.png,720,720,button,161,34,543,154
20180506_205531.png,720,720,picture,143,168,533,279
20180506_205531.png,720,720,paragraph,139,295,555,412
20180506_205531.png,720,720,inline stepper bar,95,429,540,553
20180506_205531.png,720,720,heading1,89,566,581,708
20180506_211836.png,720,720,picture,194,51,558,258
20180506_211836.png,720,720,heading3,194,291,589,413
20180506_211836.png,720,720,heading2,190,422,600,545
20180506_211836.png,720,720,paragraph,204,541,622,717
20180506_211849.png,720,720,heading2,73,15,452,172
20180506_211849.png,720,720,button,98,177,430,286
20180506_211849.png,720,720,paragraph,112,303,460,418
20180506_211849.png,720,720,search bar,125,422,433,526
20180506_211849.png,720,720,picture,119,540,434,716
20180506_204532.png,720,720,button,177,55,500,162
20180506_204532.png,720,720,picture,206,177,461,292
20180506_204532.png,720,720,picture,215,312,439,417
20180506_204532.png,720,720,heading2,191,442,450,545
20180506_204532.png,720,720,heading2,176,566,413,664
43A8DD74-E27E-4517-B20E-5637049A1CE5.png,720,720,paragraph,163,36,613,175
43A8DD74-E27E-4517-B20E-5637049A1CE5.png,720,720,paragraph,157,189,605,332
43A8DD74-E27E-4517-B20E-5637049A1CE5.png,720,720,search bar,127,355,560,493
43A8DD74-E27E-4517-B20E-5637049A1CE5.png,720,720,search bar,129,515,550,669
20180506_211207.png,720,720,picture,81,8,498,250
20180506_211207.png,720,720,search bar,109,257,472,365
20180506_211207.png,720,720,heading2,126,366,466,476
20180506_211207.png,720,720,paragraph,140,476,448,581
20180506_211207.png,720,720,inline stepper bar,155,583,455,697
20180506_210351.png,720,720,heading2,131,7,550,141
20180506_210351.png,720,720,paragraph,144,142,540,267
20180506_210351.png,720,720,search bar,170,253,529,372
20180506_210351.png,720,720,inline stepper bar,151,365,550,477
20180506_210351.png,720,720,picture,189,470,550,628
20180506_210351.png,720,720,picture,208,605,523,720
20180506_204414.png,720,720,search bar,224,26,664,193
20180506_204414.png,720,720,paragraph,244,195,618,359
20180506_204414.png,720,720,heading3,244,350,636,512
20180506_204414.png,720,720,button,255,513,636,662
20180506_210651.png,720,720,heading3,89,20,497,152
20180506_210651.png,720,720,picture,113,160,489,393
20180506_210651.png,720,720,heading2,129,412,478,512
20180506_210651.png,720,720,button,131,522,489,597
20180506_210651.png,720,720,paragraph,171,601,487,687
F96838ED-E945-4CB6-9936-00A584996DBB.png,720,720,button,181,35,608,160
F96838ED-E945-4CB6-9936-00A584996DBB.png,720,720,search bar,185,185,552,338
F96838ED-E945-4CB6-9936-00A584996DBB.png,720,720,picture,172,350,548,531
F96838ED-E945-4CB6-9936-00A584996DBB.png,720,720,heading1,180,545,534,681
20180506_203834.png,720,720,paragraph,151,27,530,158
20180506_203834.png,720,720,picture,166,157,536,254
20180506_203834.png,720,720,heading2,180,253,508,333
20180506_203834.png,720,720,button,180,337,515,417
20180506_203834.png,720,720,heading1,191,420,487,503
20180506_203834.png,720,720,search bar,185,506,507,600
20180506_205002.png,720,720,button,174,34,498,150
20180506_205002.png,720,720,search bar,179,167,501,287
20180506_205002.png,720,720,search bar,188,299,493,397
20180506_205002.png,720,720,picture,188,399,475,496
20180506_205002.png,720,720,heading1,198,512,494,609
20180506_205002.png,720,720,heading3,199,625,476,714
IMG_2914.png,720,720,heading2,99,1,636,127
IMG_2914.png,720,720,search bar,91,145,665,276
IMG_2914.png,720,720,picture,137,291,640,570
IMG_2914.png,720,720,heading1,143,563,600,720
20180506_205125.png,720,720,heading3,163,19,535,129
20180506_205125.png,720,720,paragraph,173,134,548,258
20180506_205125.png,720,720,picture,172,258,563,460
20180506_205125.png,720,720,button,175,465,512,568
20180506_205125.png,720,720,inline stepper bar,188,558,538,656
20180506_204810.png,720,720,button,229,26,528,147
20180506_204810.png,720,720,picture,224,143,512,274
20180506_204810.png,720,720,picture,224,282,527,432
20180506_204810.png,720,720,heading2,231,419,532,531
20180506_204810.png,720,720,search bar,204,527,537,642
20180506_221234.png,720,720,button,126,19,602,165
20180506_221234.png,720,720,button,167,206,545,351
20180506_221234.png,720,720,button,161,380,561,498
20180506_221234.png,720,720,button,179,540,564,686
20180506_204454.png,720,720,picture,206,58,554,223
20180506_204454.png,720,720,inline stepper bar,210,240,520,333
20180506_204454.png,720,720,button,221,359,491,437
20180506_204454.png,720,720,button,229,458,456,544
20180506_204454.png,720,720,heading1,210,570,479,660
IMG_2926.png,720,720,inline stepper bar,47,53,557,196
IMG_2926.png,720,720,button,51,206,600,390
IMG_2926.png,720,720,heading1,63,395,592,550
IMG_2926.png,720,720,paragraph,58,547,602,688
20180506_204223.png,720,720,paragraph,144,22,600,158
20180506_204223.png,720,720,picture,160,154,598,358
20180506_204223.png,720,720,button,173,339,576,495
20180506_204223.png,720,720,paragraph,187,504,605,673
20180506_210833.png,720,720,picture,55,13,488,264
20180506_210833.png,720,720,heading1,89,279,463,382
20180506_210833.png,720,720,paragraph,103,388,454,476
20180506_210833.png,720,720,button,105,486,455,594
20180506_210833.png,720,720,inline stepper bar,122,602,459,706
20180506_205639.png,720,720,picture,192,36,579,165
20180506_205639.png,720,720,search bar,179,190,565,309
20180506_205639.png,720,720,button,173,314,571,439
20180506_205639.png,720,720,heading1,153,444,577,559
20180506_205639.png,720,720,heading2,119,583,606,711
7E43C92C-8CD8-4572-B9B5-D6E7A6C229F6.png,720,720,picture,137,55,559,247
7E43C92C-8CD8-4572-B9B5-D6E7A6C229F6.png,720,720,button,110,273,553,469
7E43C92C-8CD8-4572-B9B5-D6E7A6C229F6.png,720,720,picture,130,476,522,679
20180506_211424.png,720,720,button,222,59,638,219
20180506_211424.png,720,720,paragraph,239,215,617,361
20180506_211424.png,720,720,heading3,263,361,562,490
20180506_211424.png,720,720,paragraph,255,497,573,614
20180506_211347.png,720,720,picture,149,20,548,245
20180506_211347.png,720,720,heading3,209,249,537,371
20180506_211347.png,720,720,search bar,211,382,547,502
20180506_211347.png,720,720,paragraph,199,515,571,709
20180506_204613.png,720,720,picture,170,19,609,219
20180506_204613.png,720,720,button,166,233,592,363
20180506_204613.png,720,720,button,147,375,563,510
20180506_204613.png,720,720,paragraph,148,526,544,680
20180506_210601.png,720,720,heading1,133,19,562,145
20180506_210601.png,720,720,heading2,171,140,558,267
20180506_210601.png,720,720,heading3,182,268,569,380
20180506_210601.png,720,720,picture,187,373,534,594
20180506_210601.png,720,720,paragraph,189,590,532,701
20180506_204956.png,720,720,heading2,185,30,512,157
20180506_204956.png,720,720,paragraph,199,162,523,283
20180506_204956.png,720,720,search bar,203,290,525,397
20180506_204956.png,720,720,button,207,405,542,510
20180506_204956.png,720,720,picture,219,499,539,665
20180506_220736.png,720,720,button,148,11,538,193
20180506_220736.png,720,720,heading1,173,200,630,341
20180506_220736.png,720,720,paragraph,151,349,693,487
20180506_220736.png,720,720,search bar,173,475,687,685
IMG_2925.png,720,720,inline stepper bar,93,72,529,226
IMG_2925.png,720,720,heading2,77,257,550,388
IMG_2925.png,720,720,heading3,87,394,462,522
IMG_2925.png,720,720,picture,123,542,511,677
20180506_204644.png,720,720,search bar,144,33,532,162
20180506_204644.png,720,720,search bar,145,176,515,299
20180506_204644.png,720,720,paragraph,151,309,511,428
20180506_204644.png,720,720,heading3,138,433,505,534
20180506_204644.png,720,720,button,146,545,498,643
20180506_204118.png,720,720,paragraph,144,23,497,152
20180506_204118.png,720,720,heading1,162,154,516,316
20180506_204118.png,720,720,heading2,187,309,490,473
20180506_204118.png,720,720,picture,185,489,490,710
16ECC6FE-EFFB-4EFB-8C88-20DFD3CAC4D4.png,720,720,picture,226,23,500,194
16ECC6FE-EFFB-4EFB-8C88-20DFD3CAC4D4.png,720,720,search bar,221,198,452,274
16ECC6FE-EFFB-4EFB-8C88-20DFD3CAC4D4.png,720,720,button,218,287,477,517
16ECC6FE-EFFB-4EFB-8C88-20DFD3CAC4D4.png,720,720,picture,204,523,501,706
IMG_2919.png,720,720,heading1,119,8,578,171
IMG_2919.png,720,720,picture,143,169,591,435
IMG_2919.png,720,720,heading2,163,439,593,561
IMG_2919.png,720,720,search bar,155,554,580,681
20180506_220818.png,720,720,inline stepper bar,28,9,525,146
20180506_220818.png,720,720,paragraph,57,175,510,332
20180506_220818.png,720,720,picture,82,340,528,572
20180506_220818.png,720,720,heading3,91,583,518,719
20180506_211956.png,720,720,button,154,6,549,183
20180506_211956.png,720,720,picture,187,186,550,472
20180506_211956.png,720,720,heading3,199,486,530,616
20180506_211956.png,720,720,heading3,191,593,533,720
0AB7DC4F-BEA9-42AF-8482-F1DAFF560C8D.png,720,720,inline stepper bar,169,37,598,148
0AB7DC4F-BEA9-42AF-8482-F1DAFF560C8D.png,720,720,search bar,130,151,536,250
0AB7DC4F-BEA9-42AF-8482-F1DAFF560C8D.png,720,720,heading1,151,246,547,362
0AB7DC4F-BEA9-42AF-8482-F1DAFF560C8D.png,720,720,heading3,81,373,538,520
0AB7DC4F-BEA9-42AF-8482-F1DAFF560C8D.png,720,720,heading2,58,533,512,667
3F3C2764-28A5-4BF3-9AEA-DB9D9A9A32B5.png,720,720,paragraph,166,81,630,228
3F3C2764-28A5-4BF3-9AEA-DB9D9A9A32B5.png,720,720,search bar,155,234,583,322
3F3C2764-28A5-4BF3-9AEA-DB9D9A9A32B5.png,720,720,paragraph,159,322,590,445
3F3C2764-28A5-4BF3-9AEA-DB9D9A9A32B5.png,720,720,search bar,135,463,600,612
20180506_210526.png,720,720,heading2,127,21,537,171
20180506_210526.png,720,720,search bar,135,184,526,286
20180506_210526.png,720,720,picture,145,292,501,510
20180506_210526.png,720,720,paragraph,173,515,489,608
20180506_210526.png,720,720,inline stepper bar,180,611,498,698
20180506_211800.png,720,720,heading1,98,11,537,172
20180506_211800.png,720,720,paragraph,127,172,578,314
20180506_211800.png,720,720,inline stepper bar,158,301,623,446
20180506_211800.png,720,720,paragraph,170,440,600,575
20180506_211800.png,720,720,button,170,561,594,706
20180506_211002.png,720,720,paragraph,33,12,451,133
20180506_211002.png,720,720,button,62,144,416,263
20180506_211002.png,720,720,picture,66,276,442,463
20180506_211002.png,720,720,button,105,488,444,588
20180506_211002.png,720,720,paragraph,123,604,453,707
IMG_2915.png,720,720,heading2,94,1,631,130
IMG_2915.png,720,720,search bar,96,149,663,274
IMG_2915.png,720,720,picture,143,292,638,563
IMG_2915.png,720,720,heading1,151,556,597,715
12717CCB-36F7-4A84-98E2-94523B49B7F4.png,720,720,picture,128,152,621,291
12717CCB-36F7-4A84-98E2-94523B49B7F4.png,720,720,paragraph,134,155,608,290
20180506_205040.png,720,720,button,181,53,551,158
20180506_205040.png,720,720,heading2,206,157,548,291
20180506_205040.png,720,720,inline stepper bar,201,298,551,414
20180506_205040.png,720,720,picture,222,415,541,587
20180506_205040.png,720,720,button,208,586,550,690
82C19BFE-189D-4F6F-8C18-3104095C5FCB.png,720,720,button,107,224,637,352
BECCD375-58DE-48A0-BBF1-DD398AB48940.png,720,720,picture,192,117,513,261
BECCD375-58DE-48A0-BBF1-DD398AB48940.png,720,720,button,195,285,460,389
BECCD375-58DE-48A0-BBF1-DD398AB48940.png,720,720,search bar,197,400,489,506
20180506_210059.png,720,720,search bar,181,9,563,119
20180506_210059.png,720,720,button,200,117,562,219
20180506_210059.png,720,720,heading2,210,215,548,328
20180506_210059.png,720,720,heading3,206,325,551,424
20180506_210059.png,720,720,paragraph,217,432,549,547
20180506_210059.png,720,720,picture,204,548,570,676
20180506_210154.png,720,720,search bar,176,6,564,131
20180506_210154.png,720,720,picture,180,137,551,238
20180506_210154.png,720,720,paragraph,167,255,533,355
20180506_210154.png,720,720,button,152,369,533,476
20180506_210154.png,720,720,inline stepper bar,145,492,538,601
20180506_210154.png,720,720,picture,143,616,544,720
5D03325C-18F4-455E-9363-DE584E99DB7B.png,720,720,paragraph,175,62,513,181
5D03325C-18F4-455E-9363-DE584E99DB7B.png,720,720,search bar,174,172,517,294
5D03325C-18F4-455E-9363-DE584E99DB7B.png,720,720,heading2,181,296,539,400
5D03325C-18F4-455E-9363-DE584E99DB7B.png,720,720,heading3,189,398,537,512
5D03325C-18F4-455E-9363-DE584E99DB7B.png,720,720,heading1,171,512,541,640
20180506_211128.png,720,720,heading1,68,26,468,155
20180506_211128.png,720,720,paragraph,91,157,469,262
20180506_211128.png,720,720,button,103,263,460,365
20180506_211128.png,720,720,inline stepper bar,114,368,469,458
20180506_211128.png,720,720,picture,107,466,498,701
6A9C7320-C276-4761-90C9-AD6C5BCEF752.png,720,720,search bar,126,62,580,178
6A9C7320-C276-4761-90C9-AD6C5BCEF752.png,720,720,picture,119,183,587,347
6A9C7320-C276-4761-90C9-AD6C5BCEF752.png,720,720,picture,134,354,521,479
6A9C7320-C276-4761-90C9-AD6C5BCEF752.png,720,720,inline stepper bar,137,487,540,576
C4AFEAB2-1D29-4597-9C2E-FFAFB3E53657.png,720,720,picture,215,104,533,227
C4AFEAB2-1D29-4597-9C2E-FFAFB3E53657.png,720,720,paragraph,216,270,524,381
C4AFEAB2-1D29-4597-9C2E-FFAFB3E53657.png,720,720,search bar,121,409,584,476
C4AFEAB2-1D29-4597-9C2E-FFAFB3E53657.png,720,720,heading3,140,500,576,608
36DC7480-F137-4D76-A1BA-3B3F9903C16A.png,720,720,picture,208,64,454,177
36DC7480-F137-4D76-A1BA-3B3F9903C16A.png,720,720,paragraph,197,189,483,291
36DC7480-F137-4D76-A1BA-3B3F9903C16A.png,720,720,button,187,304,423,393
36DC7480-F137-4D76-A1BA-3B3F9903C16A.png,720,720,search bar,183,422,466,498
1E4C9547-1928-491C-B8B2-CE79CEC05243.png,720,720,search bar,134,76,624,149
1E4C9547-1928-491C-B8B2-CE79CEC05243.png,720,720,picture,112,157,622,474
1E4C9547-1928-491C-B8B2-CE79CEC05243.png,720,720,paragraph,141,483,598,570
20180506_204035.png,720,720,heading1,189,46,493,179
20180506_204035.png,720,720,heading2,194,190,504,303
20180506_204035.png,720,720,paragraph,196,313,487,424
20180506_204035.png,720,720,picture,184,422,492,688
20180506_210732.png,720,720,search bar,154,30,595,162
20180506_210732.png,720,720,button,170,156,587,290
20180506_210732.png,720,720,heading2,204,288,582,429
20180506_210732.png,720,720,button,214,420,560,554
20180506_210732.png,720,720,picture,220,553,561,720
20180506_204027.png,720,720,inline stepper bar,180,40,566,165
20180506_204027.png,720,720,picture,202,176,583,344
20180506_204027.png,720,720,paragraph,194,359,597,509
20180506_204027.png,720,720,search bar,176,532,535,663
20180506_221845.png,720,720,heading1,123,19,505,115
20180506_221845.png,720,720,heading2,126,135,498,272
20180506_221845.png,720,720,paragraph,148,275,496,401
20180506_221845.png,720,720,heading3,152,396,513,531
20180506_221845.png,720,720,button,156,546,561,691
20180506_211048.png,720,720,picture,96,2,533,261
20180506_211048.png,720,720,search bar,133,287,494,392
20180506_211048.png,720,720,heading3,134,402,489,494
20180506_211048.png,720,720,button,128,495,491,590
20180506_211048.png,720,720,paragraph,160,592,470,720
20180506_211807.png,720,720,inline stepper bar,102,5,555,138
20180506_211807.png,720,720,heading2,111,152,509,278
20180506_211807.png,720,720,paragraph,146,292,500,397
20180506_211807.png,720,720,picture,162,416,524,610
20180506_211807.png,720,720,button,174,631,513,720
20180506_210356.png,720,720,search bar,101,18,568,166
20180506_210356.png,720,720,picture,121,172,573,303
20180506_210356.png,720,720,button,116,311,565,436
20180506_210356.png,720,720,paragraph,136,458,566,593
20180506_210356.png,720,720,heading1,137,594,561,720
20180506_210606.png,720,720,search bar,172,19,601,180
20180506_210606.png,720,720,heading2,187,187,594,301
20180506_210606.png,720,720,paragraph,205,312,593,394
20180506_210606.png,720,720,picture,208,401,576,614
20180506_210606.png,720,720,paragraph,228,619,556,712
20180506_204608.png,720,720,heading1,208,38,551,172
20180506_204608.png,720,720,paragraph,199,171,566,301
20180506_204608.png,720,720,heading2,205,301,498,450
20180506_204608.png,720,720,button,211,448,514,569
20180506_211607.png,720,720,picture,87,11,512,214
20180506_211607.png,720,720,button,140,233,462,362
20180506_211607.png,720,720,heading3,169,363,497,472
20180506_211607.png,720,720,paragraph,180,471,483,576
20180506_211607.png,720,720,button,164,586,480,705
IMG_2913.png,720,720,heading1,148,13,585,138
IMG_2913.png,720,720,heading2,140,143,608,274
IMG_2913.png,720,720,search bar,154,278,600,401
IMG_2913.png,720,720,picture,162,415,608,706
04140357-13C5-4E02-BE61-D77D008EB251.png,720,720,picture,265,87,433,200
04140357-13C5-4E02-BE61-D77D008EB251.png,720,720,paragraph,251,211,438,324
04140357-13C5-4E02-BE61-D77D008EB251.png,720,720,heading1,262,351,445,477
04140357-13C5-4E02-BE61-D77D008EB251.png,720,720,search bar,244,515,462,627
90B18EAD-8488-471B-ABEB-FE77DCED7AEE.png,720,720,picture,178,211,482,415
20180506_203823.png,720,720,heading1,191,155,398,257
20180506_203823.png,720,720,heading2,205,265,396,344
20180506_203823.png,720,720,heading3,202,360,380,439
20180506_203823.png,720,720,heading3,203,442,396,516
20180506_203823.png,720,720,paragraph,196,513,373,587
20180506_221239.png,720,720,search bar,53,8,478,125
20180506_221239.png,720,720,search bar,67,154,556,290
20180506_221239.png,720,720,picture,52,319,476,519
20180506_221239.png,720,720,heading3,53,499,498,691
20180506_220958.png,720,720,picture,197,26,588,224
20180506_220958.png,720,720,paragraph,201,238,657,368
20180506_220958.png,720,720,inline stepper bar,202,374,640,494
20180506_220958.png,720,720,picture,238,489,613,720
20180506_204910.png,720,720,picture,173,15,555,159
20180506_204910.png,720,720,paragraph,172,181,546,318
20180506_204910.png,720,720,button,168,326,546,462
20180506_204910.png,720,720,heading1,169,465,587,564
20180506_204910.png,720,720,heading2,148,587,583,694
20180506_210444.png,720,720,picture,121,35,540,315
20180506_210444.png,720,720,search bar,134,326,494,426
20180506_210444.png,720,720,heading1,150,445,497,552
20180506_210444.png,720,720,paragraph,144,579,483,697
20180506_211200.png,720,720,heading1,163,19,545,196
20180506_211200.png,720,720,heading2,141,200,485,363
20180506_211200.png,720,720,picture,168,389,497,561
20180506_211200.png,720,720,button,165,577,539,698
20180506_221450.png,720,720,search bar,158,24,573,143
20180506_221450.png,720,720,button,182,162,619,301
20180506_221450.png,720,720,button,197,317,623,472
20180506_221450.png,720,720,paragraph,176,481,555,712
20180506_204318.png,720,720,heading3,115,45,536,190
20180506_204318.png,720,720,paragraph,133,191,541,305
20180506_204318.png,720,720,picture,152,313,568,544
20180506_204318.png,720,720,search bar,165,555,569,695
ADF07190-4A63-4D96-99F7-8FECC431B98E.png,720,720,paragraph,143,30,615,198
ADF07190-4A63-4D96-99F7-8FECC431B98E.png,720,720,search bar,138,204,558,321
ADF07190-4A63-4D96-99F7-8FECC431B98E.png,720,720,search bar,106,331,529,467
ADF07190-4A63-4D96-99F7-8FECC431B98E.png,720,720,paragraph,99,483,553,632
20180506_211122.png,720,720,heading2,119,12,590,155
20180506_211122.png,720,720,picture,139,158,580,392
20180506_211122.png,720,720,inline stepper bar,138,390,529,509
20180506_211122.png,720,720,paragraph,174,502,554,608
20180506_211122.png,720,720,paragraph,192,601,562,715
20180506_221003.png,720,720,inline stepper bar,24,4,604,140
20180506_221003.png,720,720,heading2,55,167,627,297
20180506_221003.png,720,720,picture,76,296,507,501
20180506_221003.png,720,720,picture,89,519,461,720
560333B3-86DC-488C-BC17-E72E0B5DD98A.png,720,720,heading1,154,33,572,154
560333B3-86DC-488C-BC17-E72E0B5DD98A.png,720,720,heading1,153,158,533,281
560333B3-86DC-488C-BC17-E72E0B5DD98A.png,720,720,heading2,125,297,530,437
560333B3-86DC-488C-BC17-E72E0B5DD98A.png,720,720,heading3,141,446,530,576
560333B3-86DC-488C-BC17-E72E0B5DD98A.png,720,720,heading3,118,571,520,702
